{
  "project_info": {
    "project_number": "504600185714",
    "project_id": "twitterinstafb-45871",
    "storage_bucket": "twitterinstafb-45871.appspot.com"
  },
  "client": [
    {
      "client_info": {
        "mobilesdk_app_id": "1:504600185714:android:384e660337760dfab92beb",
        "android_client_info": {
          "package_name": "com.example.twitterinstafbclone"
        }
      },
      "oauth_client": [
        {
          "client_id": "504600185714-ukuk332jf0pftoq84bodaqvt4ke9t26m.apps.googleusercontent.com",
          "client_type": 3
        }
      ],
      "api_key": [
        {
          "current_key": "AIzaSyAX8UMlsn3YnwebfjLoBL5IRMIzgA5bMss"
        }
      ],
      "services": {
        "appinvite_service": {
          "other_platform_oauth_client": [
            {
              "client_id": "504600185714-jsioadfrrvphfcb48sa4v3k7mispvhjo.apps.googleusercontent.com",
              "client_type": 3
            }
          ]
        }
      }
    }
  ],
  "configuration_version": "1"
}